ALA,ARE,BAX,CAM,GON,MEL,OBL,OVA,WIL,ALP,VIM,ARO.SAB,Rockiness,Sandiness,VallyBotFlat,PPTann,Loaminess,cvTemp,T0,latitude,longitude
0,0,0,0,0,0,0,0,1,1,0,0,60,1,0,785,0,142,6124.01,-37.4269,142.4574
0,0,0,0,0,0,1,0,1,1,0,0,75,1,0,785,0,142,6124.01,-37.4269,142.4574
0,0,1,0,0,0,0,0,1,1,0,0,70,1,0,780,0,142,3252.96,-37.4263,142.4577
0,0,1,0,0,0,0,0,1,0,0,0,40,1,0,778,0,142,1636.63,-37.4269,142.4574
0,0,1,0,0,0,1,0,0,0,0,0,15,1,0,772,0,142,1352.08,-37.4259,142.4584
0,0,0,0,0,0,0,0,1,1,0,0,80,1,0,841,0,142,5018.48,-37.4224,142.459
0,0,1,0,0,0,1,0,0,0,0,0,80,1,0,846,0,143,4874.83,-37.4224,142.4587
0,0,1,0,0,0,1,0,1,0,0,0,40,1,0,848,0,143,10145.4,-37.4228,142.4581
0,0,1,0,0,0,1,0,1,0,0,0,20,1,0,845,0,142,8773.88,-37.4236,142.4578
0,0,1,0,0,0,1,0,1,0,0,0,10,1,0,830,0,142,672.69,-37.4244,142.4577
0,0,1,0,0,0,1,0,1,0,0,0,90,1,0,846,0,145,2816.11,-37.3567,142.4958
0,0,1,0,0,0,1,0,1,0,0,0,60,1,0,805,0,145,6905.14,-37.3589,142.4942
0,0,0,0,0,0,1,0,1,0,0,0,40,1,0,807,0,145,1543.46,-37.3575,142.4947
0,0,0,0,0,0,1,0,0,1,0,0,90,1,0,840,0,145,4329.83,-37.3557,142.4965
1,0,0,0,0,0,0,0,1,1,0,0,70,1,0,834,0,145,4093.07,-37.3559,142.4965
0,0,1,0,0,0,1,0,0,0,0,0,60,1,0,855,0,145,2840.64,-37.3564,142.4959
0,0,0,0,0,0,1,0,1,0,0,0,20,1,0,846,0,145,2816.11,-37.3567,142.4958
0,0,0,0,0,0,0,0,0,1,0,0,90,1,0,794,0,140,3054.85,-37.4907,142.4004
0,0,0,0,0,0,0,0,1,1,0,0,85,1,0,782,0,139,3679.44,-37.4906,142.3999
1,0,1,0,0,0,0,0,0,1,0,0,60,1,0,786,0,139,10762.99,-37.4908,142.3994
0,0,0,0,0,0,0,0,1,1,0,0,70,1,0,786,0,139,10762.99,-37.4908,142.3994
0,0,1,0,0,0,0,0,1,0,0,0,90,1,0,779,0,136,9846.55,-37.572,142.3645
0,0,1,0,0,0,0,0,1,0,0,0,95,1,0,771,0,136,9374.69,-37.5718,142.365
0,0,1,0,0,0,1,0,1,0,0,0,70,1,0.91,766,0,136,10465.01,-37.5716,142.3652
0,0,1,0,0,0,1,0,0,0,0,0,50,1,0,760,0,136,9008.95,-37.5714,142.3656
0,0,1,0,0,0,1,0,1,0,0,0,15,1,0,760,0,136,8507.52,-37.5709,142.3666
0,0,1,0,0,0,0,0,1,0,0,0,10,1,0,750,0,136,6995.59,-37.5696,142.3671
0,0,1,0,0,0,1,0,1,0,0,1,10,1,0,746,0,136,2882.16,-37.5679,142.3673
0,0,1,0,0,0,1,0,1,0,0,1,10,1,0,747,0,136,2606.12,-37.5676,142.3673
0,0,0,0,0,0,0,0,0,1,0,0,40,1,0,919,0,136,4441.8,-37.5926,142.3565
0,0,0,0,0,0,0,0,0,1,0,0,80,1,0,913,0,136,4500.27,-37.5925,142.3564
0,0,0,0,0,0,0,0,0,1,0,0,80,1,0,908,0,136,4996.32,-37.5923,142.3565
0,0,0,0,0,0,0,0,0,1,0,0,80,1,0,908,0,136,4996.32,-37.5923,142.3565
0,0,0,0,0,0,0,0,0,1,0,0,90,1,0,917,0,151,2394.71,-37.1606,142.5147
0,0,0,0,0,0,0,0,0,1,0,0,95,1,0,956,0,151,2859.09,-37.1609,142.5138
1,0,1,0,0,0,0,0,0,0,0,0,30,1,0,956,0,151,542.64,-37.1613,142.5135
1,0,1,0,0,0,0,0,0,0,0,0,20,1,0,951,0,151,701.32,-37.1633,142.5121
0,0,0,0,0,0,0,0,0,1,0,0,80,1,0,1288,0,148,3315.06,-37.3086,142.5984
0,0,0,0,0,0,0,0,0,1,0,0,85,1,0,1296,0,148,1221.63,-37.3077,142.5993
0,0,0,0,0,0,0,0,0,1,0,0,90,1,0,1335,0,148,2183,-37.306,142.6004
0,0,0,0,0,0,0,0,0,1,0,0,80,1,0,1297,0,148,2149.21,-37.3051,142.6009
0,0,0,0,0,0,0,0,0,1,0,0,10,0,0,1315,1,149,210.84,-37.2963,142.6042
0,0,0,0,0,0,0,0,0,0,0,0,30,0,0,1344,1,149,1484.1,-37.2958,142.6034
0,0,0,0,0,0,0,0,0,0,0,0,50,1,0,1345,0,149,1954.84,-37.2956,142.6031
0,0,0,0,0,0,0,0,0,0,0,0,10,1,0,1348,0,149,411.64,-37.2951,142.6027
1,0,1,0,0,0,1,0,0,0,0,0,60,1,0,937,0,154,3769.8,-37.0711,142.4971
1,0,1,0,0,0,0,0,0,0,0,0,95,1,1.44,965,0,154,9100.04,-37.0762,142.4995
1,0,0,0,0,0,0,0,0,0,0,0,20,1,0,991,0,154,124.43,-37.0816,142.502
1,0,1,0,0,0,0,0,0,0,0,0,10,1,0,981,0,153,863.68,-37.0857,142.5027
1,0,0,0,0,0,0,0,0,0,0,0,0,1,0,834,0,151,1315.89,-37.1515,142.4398
1,0,0,0,0,0,1,0,0,0,0,0,10,1,0,838,0,151,1278.31,-37.1511,142.4396
1,0,1,0,0,0,1,0,0,0,0,0,0,1,0,805,0,150,1445.16,-37.1615,142.4436
0,0,1,0,0,0,0,0,0,0,0,0,90,1,0,755,0,149,3926.05,-37.1779,142.3963
0,0,1,1,0,0,0,0,0,0,0,0,85,0,0,746,0,149,10322.29,-37.1773,142.3952
0,0,0,0,0,0,0,0,0,0,0,1,0,1,0,750,0,149,10390.1,-37.1776,142.3949
0,0,0,0,1,0,0,0,0,0,0,0,95,1,0,653,0,158,821.05,-36.8925,142.3818
0,1,0,0,1,0,0,0,0,0,0,0,85,1,0,621,0,158,976.64,-36.8918,142.3829
0,0,0,0,1,0,0,0,0,0,0,0,80,1,0,621,0,158,976.64,-36.8918,142.3829
0,0,0,0,1,0,0,0,0,0,0,0,30,1,0,607,0,158,1044.92,-36.891,142.3831
0,0,1,0,1,0,0,0,0,0,0,0,5,0,0,619,0,158,8433.85,-36.8898,142.3831
0,0,1,0,0,0,1,0,0,0,0,0,5,1,0,751,0,146,3758.07,-37.3001,142.4833
0,0,1,0,0,0,1,0,0,0,0,0,10,1,0,747,0,146,2860.29,-37.3,142.4829
0,0,1,0,0,0,1,0,0,0,0,0,5,1,0,745,0,146,4676.91,-37.2997,142.4824
0,0,1,0,0,0,1,0,0,0,0,0,10,1,0,740,0,146,4484.38,-37.2996,142.4817
0,0,1,0,0,0,0,0,0,0,0,0,5,1,0,752,0,146,1449,-37.2802,142.4936
0,0,1,0,0,0,1,0,0,0,0,0,5,1,0,756,0,146,1402.43,-37.2802,142.4943
0,0,1,0,0,0,0,0,1,0,0,0,0,1,0,748,0,146,1554.77,-37.2802,142.4931
0,0,1,0,0,0,0,0,0,0,0,0,0,1,0,747,0,146,1760.41,-37.2801,142.4926
0,0,1,0,0,0,0,0,0,0,0,0,95,1,0,904,0,148,1178.41,-37.2737,142.5012
0,0,1,0,0,0,0,0,0,0,0,0,85,1,0,890,0,148,1880.3,-37.2738,142.5006
0,0,1,0,0,0,0,0,0,0,0,0,90,1,0,880,0,148,1946.38,-37.2738,142.5001
0,0,1,0,0,0,0,0,0,0,0,0,90,1,0,864,0,148,3002.08,-37.2737,142.4991
1,0,1,0,0,0,0,0,0,0,0,0,80,1,0,850,0,147,9083.51,-37.2739,142.498
0,0,1,0,0,0,0,0,0,0,0,0,70,1,0,833,0,147,10622.16,-37.2738,142.497
1,0,1,0,0,0,0,0,0,0,0,0,60,1,0,801,0,147,6681.62,-37.2739,142.4954
1,0,1,0,0,0,0,0,0,0,0,0,50,1,0,784,0,147,6922.16,-37.2739,142.4944
0,0,1,0,0,1,0,0,0,0,0,0,0,1,1.68,764,0,149,10364.01,-37.1846,142.4145
0,0,1,0,0,1,0,0,0,0,0,0,0,1,2.84,762,0,149,10768.69,-37.184,142.4142
0,0,0,0,0,1,0,0,0,0,0,1,0,1,3.8,762,0,149,10883.29,-37.1835,142.414
0,0,1,0,0,1,0,0,0,0,0,0,0,1,3.95,761,0,149,10689.72,-37.1829,142.4141
0,0,0,1,0,0,0,0,0,0,1,1,0,1,3.98,761,0,149,10259.81,-37.1823,142.4138
0,0,0,0,0,0,0,1,0,0,1,0,0,0,3.98,760,0,149,10535.03,-37.1817,142.4132
0,0,0,0,0,1,0,1,0,0,1,0,0,0,3.97,760,0,149,10504.89,-37.1814,142.4127
0,0,1,0,0,0,0,0,0,0,1,0,0,1,3.98,759,0,149,10198.14,-37.1812,142.4127
0,0,0,1,0,0,0,1,0,0,1,0,0,1,3.99,759,0,149,9105.58,-37.1803,142.4125
0,0,0,1,0,1,0,0,0,0,1,0,0,1,3.99,759,0,149,10249.67,-37.1798,142.4122
0,0,0,0,0,0,0,0,0,0,0,1,0,0,2.74,754,0,148,1389.36,-37.2089,142.4276
0,0,0,1,0,0,0,0,0,0,0,1,0,0,2.68,752,0,148,1503.21,-37.2094,142.4266
0,0,0,1,0,0,0,0,0,0,0,1,0,0,2.74,752,0,148,1403.89,-37.2097,142.4267
0,0,0,1,0,0,0,0,0,0,0,0,0,0,2.71,751,0,148,1532.52,-37.2092,142.4261
0,0,0,1,0,0,0,0,0,0,0,0,0,0,2.95,749,0,148,1499.69,-37.2089,142.4246
0,0,0,1,0,0,0,0,0,0,0,0,0,0,2.94,748,0,148,1400.4,-37.2089,142.4241
0,0,0,1,0,0,0,0,0,0,0,0,0,0,2.89,747,0,148,1415.61,-37.209,142.4237
0,0,0,1,0,0,0,0,0,0,0,0,0,0,1.56,748,0,148,1321.65,-37.2086,142.4232
0,0,0,0,0,0,0,0,0,0,0,1,0,1,5.99,716,0,146,1511.18,-37.2572,142.4237
0,0,0,0,0,0,0,0,0,0,0,1,0,1,5.99,715,0,146,1820.02,-37.2574,142.4231
0,0,0,0,0,0,0,0,0,0,0,1,0,1,5.99,715,0,146,2492.28,-37.2581,142.4223
0,0,0,1,0,0,0,0,0,0,0,1,0,1,5.99,714,0,146,3260.15,-37.2586,142.4211
0,0,0,1,0,0,0,0,0,0,0,0,0,0,5.99,713,0,146,3441.88,-37.259,142.4205
0,0,0,1,0,0,0,0,0,0,0,0,0,0,5.99,713,1,146,2360.92,-37.2592,142.4197
0,0,0,0,0,0,0,0,0,0,0,1,0,0,5.99,713,1,146,3861.39,-37.2591,142.4186
0,0,0,0,0,0,1,1,0,0,0,1,0,1,3.53,735,0,147,1415.06,-37.2531,142.4607
0,0,0,0,0,0,1,0,0,0,0,1,0,1,3.55,735,0,147,1407.89,-37.2533,142.4604
0,0,0,0,0,1,1,0,0,0,0,0,0,1,3.55,735,0,147,1407.89,-37.2533,142.4604
0,0,0,0,0,0,1,0,0,0,0,0,0,1,3.52,734,0,147,1400.58,-37.2536,142.4593
0,0,0,0,0,0,1,1,0,0,0,0,0,1,3.53,735,0,147,2243.61,-37.2536,142.4619
0,0,0,0,0,0,0,1,0,0,0,0,0,1,3.53,735,0,147,6287.91,-37.254,142.4619
0,0,0,0,0,0,0,1,0,0,0,1,0,1,3.52,735,0,147,7127.33,-37.2543,142.462
0,0,0,0,0,0,1,0,0,0,0,1,0,1,3.49,735,0,147,6834.61,-37.2547,142.4621
0,0,0,0,0,0,0,1,0,0,0,1,0,1,3.48,735,0,147,4359.98,-37.2537,142.4624
0,0,0,0,0,0,1,1,0,0,0,0,0,1,3.43,736,0,147,2702.88,-37.2535,142.4627
0,0,0,0,0,0,1,1,0,0,0,1,0,1,3.41,736,0,147,4264.21,-37.2537,142.4632
0,0,0,0,0,0,1,0,0,0,0,1,0,1,2.91,736,0,147,4227.16,-37.2536,142.4637
0,0,0,0,0,0,0,0,1,0,0,1,0,1,0.61,751,0,145,5060.47,-37.3285,142.5191
0,0,0,0,0,0,0,0,1,0,0,1,0,1,0,752,0,145,5016.21,-37.3286,142.5195
0,0,0,0,0,0,0,0,1,0,0,0,0,1,0,752,0,145,3161.26,-37.3288,142.5199
0,0,0,0,0,0,0,0,1,0,0,1,0,1,1.6,753,0,145,3216.84,-37.329,142.5204
0,0,0,0,0,0,0,0,1,0,0,1,0,1,0.56,753,0,145,6344.6,-37.3292,142.5208
0,0,0,0,0,0,0,0,1,0,0,1,0,1,0,755,0,145,7156.45,-37.3293,142.5213
0,0,0,0,0,0,0,0,1,0,0,0,0,1,0,756,0,145,4805.37,-37.3296,142.5216
0,0,0,0,0,0,0,0,1,0,0,0,0,1,0,756,0,145,4263.51,-37.3298,142.5219
0,0,0,0,0,0,0,0,1,0,0,1,0,1,0,757,0,145,4427.48,-37.3299,142.5224
0,0,0,0,0,0,0,0,1,0,0,1,0,1,0,757,0,145,4655.32,-37.3299,142.5227
0,0,0,0,0,0,0,0,1,0,0,1,0,1,0,758,0,145,3798.15,-37.33,142.523
0,0,1,0,0,0,1,0,1,0,0,1,0,0,0,758,0,145,2355.52,-37.3302,142.5233
0,0,0,0,0,0,1,0,1,0,0,1,0,0,0,759,0,145,1415.34,-37.3303,142.5237
0,0,1,0,0,0,1,0,1,0,0,0,0,0,0,759,1,145,8183.12,-37.3304,142.5242
0,0,1,0,0,0,1,0,1,0,0,0,0,0,0,764,1,145,7619.39,-37.3307,142.5247
0,0,0,0,0,0,0,0,1,0,0,1,0,0,0.56,748,1,145,6210.64,-37.3281,142.5183
0,0,0,0,0,0,1,0,0,0,0,1,0,0,0.57,748,1,145,6533.1,-37.328,142.518
0,0,0,0,0,0,1,0,1,0,0,1,0,0,1.88,747,1,145,2859.03,-37.3279,142.5177
0,0,1,0,0,0,1,0,1,0,0,1,0,0,1.88,747,0,145,2859.03,-37.3279,142.5177
0,0,1,0,0,0,1,0,0,0,0,1,0,0,1.86,748,0,145,1328.66,-37.3276,142.5169
0,0,1,0,0,0,1,0,1,0,0,0,0,1,0.54,751,0,145,1413.24,-37.3273,142.5166
0,0,1,0,0,0,0,0,1,0,0,0,0,1,0.54,751,0,145,1413.24,-37.3273,142.5166
0,0,0,0,0,0,1,0,0,0,0,0,0,0,2.8,785,1,149,9972.7,-37.1973,142.5417
0,0,0,0,0,0,1,0,0,0,0,0,0,0,2.87,785,1,149,10543.73,-37.1976,142.5413
0,0,0,0,0,0,1,0,0,0,0,0,0,0,2.79,785,1,149,10882.33,-37.1979,142.541
0,0,0,0,0,0,1,0,0,0,0,0,0,0,2.79,785,1,149,10882.33,-37.1979,142.541
0,0,0,0,0,0,1,0,0,0,1,0,0,0,2.79,785,0,149,10882.33,-37.1979,142.541
0,1,0,0,1,0,0,0,0,0,0,0,90,1,0,630,0,157,2140.86,-36.926,142.4257
0,1,0,0,1,0,0,0,0,0,0,0,85,1,0,620,0,157,5148.32,-36.9261,142.4263
1,1,0,0,1,0,0,0,0,0,0,0,80,1,0,610,0,157,1079.62,-36.9256,142.4262
0,1,0,0,1,0,0,0,0,0,0,0,75,1,1.95,602,0,157,1903.48,-36.9254,142.4266
1,1,0,0,1,0,0,0,0,0,0,0,65,1,0.87,598,0,157,6808.33,-36.925,142.4272
0,1,0,0,1,0,0,0,0,0,0,0,80,1,0,596,0,157,7234.22,-36.9246,142.4277
0,1,0,0,1,0,0,0,0,0,0,0,0,1,0,596,0,157,7234.22,-36.9246,142.4277
0,1,0,0,1,0,0,0,0,0,0,0,90,1,0,745,0,155,2015.51,-37.014,142.4855
1,1,0,0,0,0,0,0,0,0,0,0,80,1,0,743,0,155,3285.47,-37.0137,142.4852
0,1,0,0,1,0,0,0,0,0,0,0,90,1,0,731,0,155,1709.08,-37.0134,142.4852
0,1,0,0,1,0,0,0,0,0,0,0,95,1,0,726,0,155,1248.52,-37.0134,142.4858
0,1,0,0,1,0,0,0,0,0,0,0,80,1,0,719,0,155,558.48,-37.0132,142.4859
0,0,1,0,0,1,0,0,0,0,0,0,0,1,0,719,0,155,558.48,-37.0132,142.4859
0,0,1,0,0,1,0,0,0,0,0,0,0,1,0,770,0,148,3574.9,-37.2136,142.4346
0,0,1,0,0,0,0,0,0,0,0,1,0,1,0.57,769,0,148,3636.22,-37.2136,142.4341
0,0,1,0,0,1,0,0,0,0,0,0,0,1,0.58,767,0,148,3369.3,-37.2138,142.4338
0,0,1,0,0,1,0,0,0,0,0,1,0,1,0.58,767,0,148,3369.3,-37.2138,142.4338
0,0,1,0,0,1,0,0,0,0,0,0,0,1,0,764,0,148,2686.68,-37.214,142.4329
0,0,1,0,0,1,0,0,0,0,0,1,0,1,0,760,0,148,2701.2,-37.2145,142.4321
0,0,1,0,0,0,0,0,0,0,0,1,0,1,0,756,0,148,1585.69,-37.2149,142.4315
0,0,1,0,0,1,0,0,0,0,0,0,0,1,0,752,0,148,1415.11,-37.2154,142.4311
0,0,0,0,0,1,0,0,0,0,0,1,0,1,1.78,749,0,148,1414.89,-37.2161,142.4308
0,0,1,0,0,1,0,0,0,0,0,1,0,1,1.83,748,0,148,1407.11,-37.2164,142.4306
1,0,0,0,0,1,0,0,0,0,0,1,0,1,2.43,747,0,148,3644.37,-37.2173,142.4307
0,0,0,0,0,0,0,0,0,0,0,1,0,1,5.99,718,0,147,1940.75,-37.2319,142.4053
0,0,0,0,0,0,0,0,0,0,0,1,0,1,5.99,718,0,147,2292.22,-37.232,142.4058
0,0,0,0,0,0,0,0,0,0,0,1,0,1,5.99,719,0,147,2802.24,-37.2322,142.4066
0,0,0,0,0,0,0,1,0,0,0,1,0,1,5.98,719,0,147,3100.64,-37.2324,142.4075
0,0,0,1,0,0,0,0,0,0,0,1,0,1,5.98,720,0,147,3023.72,-37.2324,142.4083
0,0,0,1,0,0,0,1,0,0,1,1,0,1,5.98,720,0,147,3023.72,-37.2324,142.4083
1,0,0,0,0,1,0,0,0,0,0,0,80,1,0,763,0,145,8766.13,-37.3102,142.3772
1,0,0,0,0,0,0,0,0,0,0,0,95,1,0,757,0,145,10881.86,-37.31,142.3766
1,0,0,0,0,0,0,0,0,0,0,0,80,1,0,757,0,145,10881.86,-37.31,142.3766
1,0,0,0,0,0,0,0,0,0,0,0,80,1,0,746,0,145,10710.72,-37.3096,142.3756
1,0,0,0,0,0,0,0,0,0,0,0,70,1,0,743,0,145,10664.66,-37.3096,142.375
1,0,0,0,0,0,0,0,0,0,0,0,40,1,0,743,0,145,10664.66,-37.3096,142.375
1,0,0,0,0,0,0,0,0,0,0,0,20,0,0,743,0,145,10664.66,-37.3096,142.375
1,0,0,0,0,1,0,0,0,0,0,0,40,0,0,724,0,145,9985.54,-37.3091,142.3737
1,0,0,0,0,1,1,0,0,0,0,0,10,0,0,718,0,145,9306.32,-37.3089,142.3733
0,0,0,0,0,0,1,0,1,0,0,0,0,1,0,712,0,145,8925,-37.3087,142.3724
0,0,0,0,0,0,1,0,1,0,0,1,20,1,0.71,706,0,144,9052.52,-37.3085,142.3715
1,0,0,0,0,0,0,0,1,0,0,1,0,1,0.71,706,0,144,9052.52,-37.3085,142.3715
0,0,0,0,0,0,1,0,1,0,0,1,30,1,2.94,705,0,144,8213.14,-37.308,142.3709
0,0,0,1,0,1,0,0,0,0,0,0,0,1,2.63,746,0,148,1366.39,-37.2045,142.4164
0,0,0,1,0,1,0,0,0,0,0,0,0,0,2.78,748,0,148,1419.21,-37.2043,142.4173
0,0,0,1,0,1,0,0,0,0,0,0,0,0,1.52,747,0,148,1693.49,-37.2054,142.4178
0,0,0,1,0,0,0,0,0,0,0,0,0,0,1.56,746,0,148,1649.89,-37.2058,142.4179
0,0,0,1,0,0,0,0,0,0,0,0,0,0,2.44,747,0,148,2073.85,-37.2065,142.4185
0,0,0,1,0,0,0,0,0,0,1,0,0,0,0,709,0,145,2560.34,-37.3019,142.3964
0,0,0,1,0,1,0,1,0,0,0,0,0,0,0.6,710,0,145,2979.4,-37.3016,142.3967
0,0,0,1,0,1,1,0,0,0,0,1,0,0,0,713,0,145,3076.3,-37.301,142.3972
0,0,0,0,0,1,1,0,0,0,0,0,0,1,0,715,0,145,5112.78,-37.3009,142.3978
0,0,0,0,0,1,1,0,0,0,0,1,0,1,0,715,0,145,5348.04,-37.3006,142.3976
0,0,0,0,0,1,1,0,0,0,0,0,0,1,0,715,0,145,4663.48,-37.3002,142.3977
0,0,0,0,0,0,1,0,0,0,0,1,0,0,0.83,713,0,145,3963.68,-37.2998,142.3972
0,0,0,0,0,0,1,0,0,0,0,1,0,0,0,714,0,145,4514.35,-37.2992,142.3972
0,0,0,0,0,0,0,1,0,0,0,0,0,0,1.44,772,0,149,2236.5,-37.21,142.5445
0,0,0,0,0,0,1,0,0,0,0,0,0,0,0.5,775,1,149,2053.43,-37.2098,142.5438
0,0,0,0,0,0,1,0,0,0,0,0,0,0,0,776,1,149,2110.3,-37.2096,142.5436
0,0,0,0,0,0,1,0,0,0,0,0,0,0,0,782,1,149,2494.52,-37.2089,142.5432
0,0,0,0,0,0,1,0,0,0,0,0,0,0,0,786,1,149,3347.92,-37.2086,142.5425
1,0,0,0,0,0,1,0,0,0,0,0,0,0,0,795,0,149,5090.43,-37.2079,142.5417
1,0,1,0,0,0,0,0,0,0,0,0,10,0,0,801,0,149,5118.33,-37.2072,142.5411
0,0,0,0,0,0,0,0,0,1,0,0,95,1,0,1157,0,147,514.27,-37.2931,142.3304
0,0,0,0,0,1,0,0,0,0,0,1,0,1,0,732,0,149,1887.33,-37.17,142.3723
0,0,0,0,0,1,0,0,0,0,0,1,0,1,1.62,730,0,149,2580.57,-37.1701,142.3715
0,0,0,0,0,1,0,0,0,0,0,0,0,1,1.89,729,0,149,1382.58,-37.17,142.3709
0,0,0,0,0,1,0,0,0,0,0,1,0,1,1.76,729,0,149,1378.64,-37.1699,142.3703
0,0,0,0,0,1,0,0,0,0,0,1,0,1,1.44,727,0,149,1407.88,-37.1701,142.3696
0,0,0,0,0,0,1,0,0,0,1,0,0,0,0,777,0,148,5647.52,-37.2582,142.5355
0,0,0,0,0,0,1,0,0,0,1,0,0,0,0,780,0,148,6915.61,-37.2577,142.5347
0,0,0,0,0,0,1,0,0,0,1,0,5,0,0,783,0,148,6492.45,-37.2578,142.5341
1,0,1,0,0,0,1,0,0,0,0,0,10,0,0,785,0,148,5094.13,-37.2578,142.5337
0,0,0,0,0,0,1,0,0,0,1,0,0,0,0,786,0,148,4538.7,-37.2583,142.5334
1,0,1,0,0,0,1,0,0,0,1,0,45,0,0,790,0,148,4019.66,-37.2587,142.5326
0,0,0,0,1,0,0,0,0,0,0,0,95,1,0,666,0,158,193.78,-36.8855,142.3688
0,0,0,0,1,0,0,0,0,0,0,0,85,1,0,661,0,158,215.38,-36.8852,142.369
0,1,0,0,1,0,0,0,0,0,0,0,95,1,0,631,0,158,218.14,-36.8846,142.3695
0,0,0,0,1,0,0,0,0,0,0,0,95,1,0,610,0,158,548.92,-36.8845,142.3701
0,0,0,0,1,0,0,0,0,0,0,0,90,1,0,607,0,158,431.72,-36.8847,142.3708
0,1,0,0,1,0,0,0,0,0,0,0,85,1,0,612,0,158,688.77,-36.8848,142.3716
0,0,0,0,1,0,0,0,0,0,0,0,20,1,0,622,0,158,167.31,-36.8852,142.3722
0,1,0,0,1,0,0,0,0,0,0,0,10,1,0,630,0,158,319.18,-36.8858,142.3726
0,1,0,0,1,0,0,0,0,0,0,0,15,1,0,614,0,158,593.22,-36.8864,142.3731
0,1,0,0,1,0,0,0,0,0,0,0,10,1,0,602,0,158,1974.35,-36.8872,142.373
0,1,0,0,0,0,0,0,0,0,0,0,10,1,1.69,595,0,158,1388.31,-36.8883,142.3734
0,1,0,0,0,0,0,0,0,0,0,0,0,1,0,598,0,158,1626.6,-36.8892,142.3729
0,0,1,0,0,0,0,1,1,0,0,0,10,0,0.61,728,0,144,1323.21,-37.3475,142.5022
0,0,1,0,0,0,1,0,1,0,1,0,10,1,0,745,0,144,3423.71,-37.3473,142.5003
0,0,1,0,0,0,0,0,1,0,1,0,10,1,0,743,0,144,3899.53,-37.3474,142.5004
0,0,1,0,0,0,1,0,0,0,1,0,15,0,0.54,740,0,144,4004.79,-37.3473,142.5008
0,0,1,0,0,0,1,0,0,0,1,0,5,1,0.72,733,0,144,1521.57,-37.3472,142.5013
0,0,1,0,0,0,1,0,0,0,1,0,5,1,0,732,0,144,1395.17,-37.3471,142.5016
0,0,1,0,0,0,1,0,0,0,1,0,0,1,0,731,0,144,1395.17,-37.3471,142.5017
0,0,0,0,0,0,1,0,0,0,1,0,0,1,0,731,0,144,1395.14,-37.3471,142.5019
0,0,0,0,0,0,1,1,0,0,1,0,0,0,0,730,0,144,5293.45,-37.347,142.5023
0,0,1,0,0,0,1,1,0,0,1,0,0,0,0,730,0,144,5788.8,-37.3469,142.5026
0,0,1,0,0,0,1,0,0,0,1,0,0,0,2.55,730,0,144,6855.95,-37.3468,142.5031
0,0,0,0,0,0,0,1,0,0,1,0,0,0,2.71,729,0,144,6234.11,-37.3467,142.5035
0,0,0,0,0,0,0,1,0,0,1,0,0,0,3.94,728,0,144,4545.11,-37.3465,142.504
0,0,0,0,0,0,1,0,0,0,1,1,0,1,3.95,727,0,144,1337.04,-37.3466,142.5045
0,0,0,0,0,0,0,1,1,0,0,0,0,0,2.89,780,1,146,1369.71,-37.3003,142.5288
0,0,0,0,0,0,0,1,0,0,0,0,0,0,2.78,781,0,146,1877.52,-37.3006,142.5284
0,0,0,0,0,0,0,1,0,0,0,1,0,0,2.91,780,0,146,1728.77,-37.301,142.5283
0,0,0,0,0,0,0,1,0,0,0,1,0,0,2.72,780,0,146,1687.35,-37.3013,142.5277
0,0,0,0,0,0,0,0,0,1,0,0,95,1,0,1120,0,147,1930.42,-37.2916,142.3295
0,0,0,0,0,0,0,0,0,1,0,0,90,1,0,1123,0,147,2886.22,-37.2914,142.3296
0,0,0,0,0,0,0,0,0,1,0,0,95,1,0,1110,0,147,2835.54,-37.291,142.3297
0,0,0,0,0,0,0,0,0,1,0,0,85,1,0,1113,0,147,2441.5,-37.2911,142.3295
0,0,0,0,0,0,0,0,0,1,0,0,50,1,0,1113,0,147,2441.5,-37.2911,142.3295
0,0,0,0,0,0,0,0,0,1,0,0,45,1,0,1113,0,147,2441.5,-37.2911,142.3295
0,0,1,0,0,0,0,0,0,0,0,0,70,1,0,1153,0,147,3538.36,-37.2938,142.3336
0,0,0,0,0,0,0,0,0,1,0,0,95,1,0,1041,0,146,4244.84,-37.3091,142.3038
0,0,0,0,0,0,0,0,0,1,0,0,95,1,0,1037,0,146,4735.93,-37.3086,142.3035
0,0,0,0,0,0,0,0,0,1,0,0,95,1,0,1031,0,146,3122.86,-37.3083,142.3032
0,1,0,0,1,0,0,0,0,0,0,0,95,1,0,1031,0,146,3122.86,-37.3083,142.3032
0,0,0,0,1,0,0,0,0,0,0,0,95,1,0.66,696,0,158,2918.81,-36.8983,142.3883
0,1,0,0,1,0,0,0,0,0,0,0,10,1,0,720,0,158,3441.62,-36.8988,142.388
0,0,1,0,1,0,0,0,0,0,0,0,85,0,0,733,0,158,3477.34,-36.8996,142.388
0,1,0,0,1,0,0,0,0,0,0,0,10,0,0,740,0,158,1834.12,-36.9001,142.3872
0,1,0,0,1,0,0,0,0,0,0,0,50,1,0,740,0,158,1834.12,-36.9001,142.3872
0,0,0,0,1,0,0,0,0,0,0,0,95,0,0,739,0,158,9.79,-36.9007,142.3863
0,1,0,0,1,0,0,0,0,0,0,0,80,0,0,752,0,158,553.2,-36.9,142.3862
0,0,0,0,1,0,0,0,0,0,0,0,95,0,0,722,0,158,2425.83,-36.8998,142.3855
0,0,0,0,1,0,0,0,0,0,0,0,90,1,0,718,0,158,3407.5,-36.8991,142.3853
0,0,0,0,1,0,0,0,0,0,0,0,90,1,0,740,0,158,114.83,-36.8976,142.3854
0,1,0,0,1,0,0,0,0,0,0,0,10,1,0,649,0,158,919.67,-36.8953,142.3837
0,1,0,0,0,0,0,0,0,0,0,0,0,0,0,649,0,158,919.67,-36.8953,142.3837
0,1,0,0,1,0,0,0,0,0,0,0,5,0,0,649,0,158,919.67,-36.8953,142.3837
0,1,0,0,1,0,0,0,0,0,0,0,40,1,0,647,0,158,481.03,-36.8946,142.3827
0,0,0,0,0,0,1,0,0,0,0,0,0,1,0,689,0,157,10877.23,-36.9254,142.4123
0,0,0,0,0,0,1,0,0,0,0,0,0,1,0.6,689,0,157,10655.95,-36.9259,142.4115
0,0,0,0,0,0,0,1,0,0,0,0,0,0,1.5,691,0,157,10508.79,-36.9264,142.4112
0,0,0,0,0,0,0,1,0,0,0,0,0,0,1.48,689,0,157,10614.33,-36.9261,142.4109
0,0,0,0,0,1,0,1,0,0,0,0,5,0,0.61,689,0,157,10869.43,-36.9262,142.41
1,0,1,0,0,0,0,0,0,0,0,0,90,1,0,937,0,150,10882.06,-37.1999,142.4739
0,0,1,0,0,0,0,0,0,0,0,0,10,1,0,926,0,150,10271.01,-37.2005,142.478
1,0,0,0,0,0,0,0,0,1,0,0,90,1,0,969,0,150,1404.67,-37.1868,142.4772
0,0,0,0,0,0,0,0,0,1,0,0,95,1,0,988,0,150,7399.66,-37.187,142.4757
0,0,0,0,0,0,0,0,0,1,0,0,95,1,0,983,0,150,3393.24,-37.1871,142.4751
0,0,0,0,0,0,0,0,0,1,0,0,95,1,0,976,0,150,1147.36,-37.1867,142.4749
1,0,1,0,0,0,0,0,0,0,0,0,90,1,0,978,0,150,1162.38,-37.1861,142.4779
0,0,0,0,0,0,0,0,0,1,0,0,90,1,0,1137,0,151,829.86,-37.1956,142.5045
0,0,0,0,0,0,0,0,0,1,0,0,85,1,0,1060,0,151,1369.23,-37.1934,142.5037
0,0,0,0,0,0,0,0,0,1,0,0,60,1,0,1025,0,151,6157.98,-37.1925,142.5038
0,0,1,0,0,0,0,0,0,1,0,0,80,1,0,1081,0,151,263.32,-37.1882,142.4981
0,0,1,0,0,0,0,0,0,0,0,1,20,1,0,964,0,151,8172.33,-37.1851,142.4895
0,0,1,0,0,0,1,0,0,0,0,0,0,1,0,766,0,136,2960.71,-37.5901,142.3598
0,0,1,0,0,0,1,0,0,0,0,0,40,1,0,766,0,136,3725.2,-37.5903,142.3599
0,0,1,0,0,0,1,0,0,0,0,0,10,1,0,770,0,136,1803.08,-37.5897,142.3595
0,0,1,0,0,0,1,0,0,0,0,0,10,1,0,787,0,136,353.08,-37.5888,142.3592
0,0,1,0,0,0,1,0,1,0,0,1,10,1,0,787,0,136,353.08,-37.5888,142.3592
0,0,1,0,0,0,1,0,0,0,0,1,10,1,0,787,0,136,353.08,-37.5888,142.3592
0,0,1,0,0,0,1,0,1,0,0,1,5,1,0,748,0,136,7137.81,-37.5668,142.3651
0,0,1,0,0,0,1,0,1,0,0,1,0,1,0,737,0,136,5364.52,-37.5666,142.3643
0,0,1,0,0,0,1,0,1,0,0,1,0,1,0,720,0,136,3271.95,-37.566,142.3624
0,0,1,0,0,0,1,0,1,0,0,1,5,1,0,717,0,136,1370.83,-37.5656,142.3604
0,0,1,0,0,0,0,0,1,0,0,1,0,1,0.61,671,0,138,758.5,-37.5009,142.415
0,0,1,0,0,0,0,0,1,0,0,1,0,1,1.56,673,0,138,759.96,-37.5009,142.4134
0,0,1,0,0,0,0,0,1,0,0,1,0,1,1.49,675,0,138,877.95,-37.5009,142.4121
0,0,1,0,0,0,0,0,1,0,0,1,0,1,0.58,679,0,138,858.22,-37.5005,142.4109
0,0,1,0,0,0,0,0,1,0,0,1,0,1,0,685,0,138,910.44,-37.4999,142.4092
0,0,1,0,0,0,0,0,0,1,0,0,90,1,0,745,0,142,5337.74,-37.4277,142.46
0,0,1,0,0,0,0,0,1,0,0,0,80,1,0,727,0,141,1270.54,-37.4321,142.4605
0,0,1,0,0,0,0,0,1,0,0,0,0,1,0,742,0,141,4209.86,-37.4331,142.4592
0,0,0,0,0,0,0,0,1,0,0,0,10,1,0.89,703,0,141,2756.38,-37.4361,142.4593
0,0,0,0,0,0,1,0,1,0,0,0,0,0,0.89,703,0,141,2756.38,-37.4361,142.4593
0,0,0,0,0,0,1,0,1,0,0,0,0,0,0.89,703,0,141,2756.38,-37.4361,142.4593
0,0,0,0,0,0,0,0,0,1,0,0,85,1,0,845,0,145,4381.5,-37.3555,142.4966
0,0,0,0,0,0,0,0,0,1,0,0,85,1,0,845,0,145,4329.83,-37.3556,142.4965
0,0,0,0,0,0,0,0,0,1,0,0,85,1,0,851,0,145,3660.89,-37.3558,142.4964
0,0,0,0,0,0,0,0,0,1,0,0,80,1,0,834,0,145,4093.07,-37.3559,142.4965
0,0,1,0,0,0,0,0,0,0,0,0,0,1,0,845,0,145,2666.07,-37.356,142.4964
0,0,1,0,0,0,0,0,0,0,0,0,0,1,0,845,0,145,2840.64,-37.3564,142.496
0,0,1,0,0,0,0,0,0,0,0,0,0,1,0,844,0,145,3624.93,-37.3569,142.4957
0,0,1,0,0,0,0,0,0,0,0,0,0,1,0,827,0,145,1383.56,-37.3573,142.4952
0,0,1,0,0,0,0,0,0,0,0,0,0,1,0,747,0,145,3632.89,-37.3389,142.488
0,0,1,0,0,0,0,0,0,0,0,0,0,1,0,744,0,145,3028.35,-37.3393,142.4877
0,0,1,0,0,0,0,0,0,0,0,0,0,1,0,745,0,145,7469.99,-37.34,142.4877
0,0,1,0,0,0,0,0,0,0,0,0,0,1,0,744,0,145,7347.63,-37.3405,142.4873
0,0,1,0,0,0,0,0,0,0,0,0,0,1,0,741,0,145,3671.8,-37.3412,142.4871
0,0,1,0,0,0,0,0,0,0,0,0,0,1,0,741,0,145,3671.8,-37.3412,142.4871
0,0,1,0,0,0,0,0,0,0,0,0,0,1,0,724,0,145,5612.71,-37.3196,142.4793
0,0,1,0,0,0,0,0,0,0,0,0,0,1,0,727,0,145,4814.29,-37.3202,142.4794
0,0,1,0,0,0,0,0,0,0,0,0,0,1,0,727,0,145,4233.92,-37.3208,142.4795
0,0,1,0,0,0,0,0,0,0,0,0,0,1,0,725,0,145,3485.49,-37.3213,142.479
0,0,1,0,0,0,0,0,0,0,0,0,5,1,0,724,0,145,4346.28,-37.319,142.4791
0,0,1,0,0,0,0,0,0,0,0,0,5,1,0.54,747,0,146,2860.29,-37.3001,142.4827
0,0,1,0,0,0,0,0,0,0,0,0,5,1,0,749,0,146,6898.71,-37.297,142.4835
0,0,1,0,0,0,0,0,0,0,0,0,5,1,0,749,0,146,7482.63,-37.2964,142.4836
0,0,1,0,0,0,0,0,0,0,0,0,5,1,0,747,0,146,9661.94,-37.2948,142.484
0,0,1,0,0,0,0,0,0,0,0,0,0,1,0,783,0,148,1450.78,-37.2469,142.4759
0,0,1,0,0,0,0,0,0,0,0,0,0,0,0,787,0,148,2008.74,-37.2457,142.475
0,0,1,0,0,0,0,0,0,0,0,0,0,1,0,781,0,148,7656.72,-37.2444,142.474
0,0,1,0,0,0,0,0,0,0,0,0,0,1,0,781,0,148,7656.72,-37.2444,142.474
0,0,1,0,0,0,0,0,0,0,0,0,0,1,0,781,0,148,7656.72,-37.2444,142.474
0,0,1,0,0,1,0,0,0,0,0,0,0,1,0,777,0,149,10496.37,-37.1919,142.4209
0,0,1,0,0,1,0,0,0,0,0,0,0,1,0,777,0,149,10496.37,-37.1919,142.4209
0,0,1,0,0,1,0,0,0,0,0,0,0,1,0,778,0,149,10287.73,-37.1921,142.4207
0,0,1,0,0,1,0,0,0,0,0,0,0,1,0,783,0,149,10441.56,-37.193,142.4213
0,0,1,0,0,1,0,0,0,0,0,0,0,1,0,787,0,149,10321.98,-37.1933,142.4209
0,0,1,0,0,0,0,0,0,0,0,0,0,1,0,855,0,151,1347.31,-37.1515,142.4456
0,0,1,0,0,0,0,0,0,0,0,0,0,1,0,855,0,151,1347.31,-37.1515,142.4456
0,0,1,0,0,0,0,0,0,0,0,0,0,1,0,861,0,151,1320.94,-37.1518,142.4468
0,0,1,0,0,0,0,0,0,0,0,0,0,1,0,861,0,151,1320.94,-37.1518,142.4468
0,0,1,0,0,0,0,0,0,0,0,0,0,1,0,861,0,151,1320.94,-37.1518,142.4468
0,0,1,0,0,0,1,0,0,0,0,0,0,1,0,902,0,148,8487.46,-37.2428,142.3458
0,0,0,0,0,0,0,0,0,1,0,0,95,1,0,841,0,151,6724.56,-37.1524,142.5051
1,0,0,0,0,0,0,0,0,1,0,0,90,1,0,857,0,151,6868.91,-37.1531,142.5064
0,0,0,0,0,0,0,0,0,1,0,0,90,1,0,857,0,151,6868.91,-37.1531,142.5064
0,0,0,0,0,0,0,0,0,1,0,0,95,1,0,835,0,151,7776.47,-37.1517,142.5045
0,0,0,1,0,0,0,0,0,0,0,1,0,0,4.97,758,0,149,10889.9,-37.1779,142.4113
0,0,1,0,0,0,0,0,0,0,0,0,0,1,1.47,714,0,145,7796.32,-37.3032,142.4409
0,0,1,0,0,0,0,0,0,0,0,0,0,1,1.5,706,0,144,7020.39,-37.332,142.4686
0,0,0,0,0,0,0,0,0,0,0,1,0,0,2.57,704,0,145,10879.11,-37.3203,142.4531
0,0,0,0,0,0,1,0,0,0,0,1,40,0,0,726,0,145,6252.73,-37.2942,142.4351
0,0,0,1,0,1,0,0,0,0,0,1,5,1,1.73,717,0,146,10098.68,-37.2827,142.4167
0,0,0,0,0,1,1,0,0,0,0,0,5,1,2.42,712,0,145,10697.19,-37.2888,142.4016
0,0,0,0,0,0,0,0,0,0,0,1,0,0,4.61,712,0,146,6852.67,-37.2731,142.4269
0,0,0,1,0,0,0,0,0,0,0,0,0,0,4.91,711,0,146,5309.34,-37.277,142.4371
0,0,0,0,0,0,0,0,1,0,0,1,0,0,2.73,743,0,147,2602.93,-37.237,142.4497
0,0,1,0,0,0,0,0,0,0,1,1,0,0,2.87,768,0,149,10213.81,-37.1893,142.4183
0,0,1,0,0,0,0,0,0,0,1,0,0,0,4.43,741,0,149,1350.9,-37.1769,142.3943
0,0,1,0,0,0,0,0,0,0,0,0,15,1,0,959,0,151,8477.57,-37.177,142.4794
1,0,0,0,0,0,1,0,0,0,1,0,10,1,0,864,0,150,1410.77,-37.1835,142.5085
0,0,1,0,0,0,0,0,0,0,0,0,0,1,0,910,0,148,3585,-37.2593,142.5533
0,0,0,0,0,0,0,0,0,1,0,0,95,1,0,1058,0,150,2545.17,-37.197,142.5065
0,0,0,0,0,0,0,0,0,1,0,0,85,1,0,1037,0,151,2721.21,-37.1931,142.504
0,0,0,0,0,0,0,0,0,1,0,0,85,1,0,993,0,151,8571.14,-37.1908,142.503
0,0,0,0,0,0,0,0,0,1,0,0,10,1,0,1050,0,151,6049.96,-37.1887,142.5
0,0,1,0,0,0,0,0,0,0,0,0,5,1,0,982,0,151,1614.96,-37.186,142.4917
0,0,1,0,0,0,0,0,0,0,0,0,5,1,0,964,0,151,8172.33,-37.1851,142.4895
0,1,0,0,0,0,0,0,0,0,0,0,0,1,0,964,0,151,8172.33,-37.1851,142.4895
0,1,0,0,0,0,0,0,0,0,0,0,0,1,0,964,0,151,8172.33,-37.1851,142.4895
0,1,0,0,0,0,1,0,0,0,0,0,0,1,0,964,0,151,8172.33,-37.1851,142.4895
0,1,0,0,0,0,1,0,0,0,0,0,0,1,0,964,0,151,8172.33,-37.1851,142.4895
0,1,0,0,0,0,1,0,0,0,0,0,0,1,0,964,0,151,8172.33,-37.1851,142.4895
0,1,0,0,0,0,1,0,0,0,0,0,0,1,0,964,0,151,8172.33,-37.1851,142.4895
0,1,0,0,1,0,0,0,0,0,0,0,0,1,0,964,0,151,8172.33,-37.1851,142.4895
0,1,0,0,1,0,0,0,0,0,0,0,0,1,0,964,0,151,8172.33,-37.1851,142.4895
0,1,0,0,1,0,0,0,0,0,0,0,0,1,0,964,0,151,8172.33,-37.1851,142.4895
0,1,0,0,1,0,0,0,0,0,0,0,0,1,0,964,0,151,8172.33,-37.1851,142.4895
1,0,1,0,0,0,0,0,1,0,0,0,15,1,0.65,925,0,151,2676.4,-37.1446,142.4419
0,0,1,0,0,0,1,0,1,0,0,0,5,0,1.96,829,1,152,1415.49,-37.1119,142.4156
0,0,1,0,0,0,1,0,0,0,1,0,0,1,0,842,0,152,3001.28,-37.1265,142.4166
0,0,1,0,0,0,1,0,1,0,0,0,0,1,2.94,799,0,151,2359.63,-37.1275,142.3666
0,0,0,0,0,1,0,0,0,0,1,0,0,1,0,751,0,150,1312.82,-37.1524,142.3819
0,0,0,0,0,0,0,1,0,0,1,0,0,0,0,751,0,150,1312.82,-37.1524,142.3819
0,0,0,0,0,1,0,1,0,0,1,1,0,1,0,762,0,150,3809.41,-37.1545,142.3869
0,0,0,0,0,0,1,0,0,0,0,1,0,1,0,783,0,150,1320.94,-37.1575,142.3895
0,0,0,1,0,0,0,0,0,0,1,0,0,0,0.61,769,0,149,1386.13,-37.172,142.4167
0,0,0,0,0,0,0,1,0,0,0,0,0,0,0,766,0,149,2251.65,-37.1737,142.4183
0,0,0,0,0,0,1,0,0,0,0,1,0,0,1.59,706,0,144,8033.61,-37.3468,142.4737
0,0,0,0,0,0,0,1,0,0,1,0,0,0,0.61,707,0,144,5695.87,-37.3421,142.4715
0,0,1,0,0,0,0,0,0,0,0,1,0,0,2.58,704,0,145,10886.6,-37.3201,142.453
0,0,0,0,0,0,0,0,1,0,0,1,0,0,3.8,703,0,145,10814.25,-37.3178,142.45
0,0,0,1,0,0,0,0,0,0,0,0,0,0,2.72,710,1,145,10092.18,-37.2817,142.4109
0,0,0,0,0,0,0,0,0,0,0,1,0,0,4.61,712,0,146,6852.67,-37.2731,142.4269
0,0,0,1,0,0,0,0,0,0,0,0,0,0,4.61,712,0,146,6852.67,-37.2731,142.4269
0,0,0,1,0,0,0,0,0,0,0,1,0,0,3.63,722,0,146,6994.07,-37.2638,142.4594
0,0,0,0,0,0,1,0,0,0,0,1,0,0,0,726,0,147,1503.63,-37.2588,142.4557
0,0,0,0,0,1,0,0,0,0,0,0,0,1,2.49,736,0,147,3567.64,-37.2498,142.4559
0,0,0,0,0,0,0,0,1,0,0,1,0,1,2.44,741,0,147,3574.29,-37.2414,142.4507
0,0,1,0,0,0,0,0,0,0,0,0,0,1,2.44,741,0,147,3574.29,-37.2414,142.4507
0,0,1,0,0,0,0,0,0,0,0,0,0,0,1.62,755,0,148,2372.74,-37.2138,142.4304
0,0,0,0,0,0,0,1,0,0,1,0,0,0,4.8,720,0,149,9550.2,-37.1826,142.3731
0,0,0,1,0,0,0,0,0,0,1,0,0,1,4.97,715,0,148,5041.57,-37.1832,142.3661
0,0,0,0,0,1,0,0,0,0,0,0,0,0,5.99,699,0,148,4771.17,-37.1948,142.3457
0,0,0,0,0,1,0,0,0,0,0,0,0,0,3.62,707,0,149,2144.94,-37.1733,142.3398
0,0,0,1,0,0,0,0,0,0,0,0,0,0,3.5,712,0,149,1523.24,-37.1714,142.3433
0,0,0,1,0,1,0,1,0,0,0,0,0,1,0.6,722,0,149,2058.48,-37.1706,142.3517
0,0,0,0,0,0,0,0,0,0,0,1,0,1,3.88,714,0,149,1403.46,-37.1748,142.3609
0,0,0,1,0,0,0,0,0,0,0,1,0,1,4.89,717,0,149,5324.33,-37.1783,142.3683
0,0,1,0,0,0,1,0,0,0,1,0,5,1,2.95,703,0,143,1959.36,-37.3735,142.5086
0,0,0,0,0,0,1,0,1,0,0,1,0,1,1.96,707,0,144,1342.57,-37.3726,142.5164
0,0,1,0,0,0,0,0,1,0,0,0,0,1,1.59,715,0,144,2235.26,-37.3729,142.5282
0,0,1,0,0,0,1,0,0,0,1,0,5,1,3.99,725,0,144,4879.27,-37.3802,142.5472
0,0,1,0,0,0,1,0,0,0,0,0,5,1,0.5,839,0,145,746.56,-37.3644,142.5731
1,0,1,0,0,0,1,0,0,0,0,0,0,1,0,892,0,146,154.99,-37.3576,142.6009
0,0,1,0,0,0,0,1,1,0,0,0,0,1,0,877,0,146,6334.95,-37.3578,142.6048
1,0,1,0,0,0,0,0,1,0,0,0,50,1,0,818,0,145,4595.81,-37.3578,142.6084
1,0,0,0,0,0,1,0,0,0,0,0,40,1,0,770,0,145,5465.97,-37.3528,142.6086
0,0,0,0,0,0,1,0,1,0,0,0,10,1,0,669,0,145,1328.74,-37.3457,142.6295
0,0,0,0,0,0,1,0,0,0,1,0,5,1,1.81,656,0,145,659.91,-37.346,142.6335
0,0,0,0,0,0,0,0,1,0,0,0,0,1,2.41,624,0,145,3451.07,-37.34,142.6451
0,1,0,0,1,0,0,0,0,1,0,0,95,1,0,1054,0,147,3601.09,-37.276878,142.344792
0,0,1,0,0,0,0,0,1,0,0,0,50,1,0.87,750,0,142,10875.39,-37.42537,142.44925
0,0,1,0,0,0,1,0,1,0,0,0,5,1,0,717,0,141,10882.48,-37.42483,142.43985
0,0,0,0,0,0,1,0,0,0,1,1,0,1,0,679,0,141,6834.98,-37.42813,142.42605
0,0,1,0,0,0,1,0,0,0,0,1,0,1,0.8,676,0,141,3769.18,-37.43055,142.42545
0,0,1,0,0,0,1,0,1,0,0,0,50,1,0,701,0,141,8130.93,-37.4378,142.42523
0,0,1,0,0,0,0,0,0,0,0,0,50,1,0,724,0,141,8748.51,-37.44115,142.42518
0,0,1,0,1,0,0,0,1,0,0,0,50,1,0,721,0,141,7270.23,-37.44278,142.42393
0,0,0,0,0,0,1,1,0,0,1,0,0,0,0,714,0,141,6980.68,-37.44583,142.42203
0,0,1,0,0,0,1,0,0,0,0,1,40,1,1.93,709,0,140,8124.72,-37.44802,142.42147
0,0,1,0,0,0,0,0,0,0,0,0,20,1,0,692,0,139,9612.13,-37.47222,142.4
0,0,0,0,0,0,1,0,0,0,0,1,0,1,0.57,677,0,139,9506.67,-37.47837,142.39085
0,0,0,0,0,0,1,0,0,0,0,1,0,1,1.42,671,0,139,10686.72,-37.47935,142.3858
0,0,0,0,0,0,0,0,0,1,0,0,90,1,0,1037,0,149,1677.96,-37.258482,142.515423
0,0,0,0,0,0,0,1,1,0,0,1,0,1,3.62,782,0,147,1338.1,-37.296628,142.532772
0,0,1,0,0,0,0,0,0,0,0,0,0,1,0,747,0,142,1412.34,-37.424216,142.449653
0,0,0,0,0,0,0,0,0,0,0,1,0,1,1.66,673,0,141,6527.34,-37.426254,142.424668
0,0,0,1,0,0,0,0,0,0,0,0,0,0,4.96,664,0,141,4012.36,-37.424744,142.407425
0,0,0,0,0,0,1,1,0,0,0,0,0,0,0,851,0,151,1382.69,-37.151093,142.444018
1,0,1,0,0,0,1,0,0,0,0,0,0,1,0,796,0,150,8027.68,-37.168252,142.436665
0,0,1,0,0,0,1,0,0,0,0,1,0,1,1.49,755,0,152,401.09,-37.09009,142.524666
0,0,1,0,0,0,0,0,0,0,0,0,0,1,0,633,0,155,579.81,-36.986016,142.477059
0,0,1,0,0,1,0,0,0,0,0,0,0,1,0,596,0,156,517.79,-36.956814,142.462485
0,1,0,0,0,0,1,0,0,0,0,0,0,1,0.59,586,0,158,585.05,-36.891487,142.410995
0,1,0,0,0,0,0,0,0,0,0,0,0,1,2.53,555,0,158,436.07,-36.87936,142.384993
0,0,0,0,1,0,0,0,0,0,0,0,0,1,0,587,0,158,1657.51,-36.889096,142.383137
0,1,0,0,1,0,0,0,0,0,0,0,0,1,0,595,0,157,618,-36.901251,142.37405
1,0,0,0,0,0,0,0,0,1,0,0,10,1,0,830,0,151,8216.08,-37.151657,142.503388
0,0,0,0,0,0,0,1,0,0,0,0,0,0,3.94,774,0,149,1625.2,-37.173719,142.42479
0,0,1,0,0,0,0,0,0,0,1,0,0,0,4.86,743,0,149,1357.01,-37.176142,142.394528
0,0,0,1,0,0,0,0,0,0,0,1,0,0,5.99,718,0,147,3406.36,-37.245219,142.41637
1,0,0,0,0,0,0,0,0,0,0,0,0,0,0,907,0,148,1408.33,-37.261133,142.561584
0,0,0,0,0,0,0,0,0,1,0,0,95,1,0,791,0,140,3676.34,-37.490724,142.400292
